CREATE DATABASE QL_DA
GO
USE QL_DA

CREATE TABLE NHA_CCAP
(
	MA_NCC CHAR(2) NOT NULL,
	TEN_NCC NVARCHAR(15),
	VON INT,
	TH_PHO NVARCHAR(15),
	CONSTRAINT PK_NCC PRIMARY KEY (MA_NCC)
)

CREATE TABLE HANG_HOA
(
	MA_HANG CHAR(2) NOT NULL,
	TEN_HANG NVARCHAR(15),
	MAU NVARCHAR(15),
	TR_LUONG INT,
	CONSTRAINT PK_HH PRIMARY KEY (MA_HANG)	
)

CREATE TABLE DU_AN
(
	MA_DU_AN CHAR(2),
	TEN_DU_AN NVARCHAR(15),
	TH_PHO NVARCHAR(20),
	CONSTRAINT PK_DA PRIMARY KEY (MA_DU_AN)		
)

CREATE TABLE CUNG_UNG
(
	MA_NCC CHAR(2),
	MA_HANG CHAR(2) NOT NULL,
	MA_DU_AN CHAR(2),
	SO_LUONG INT,
	CONSTRAINT PK_CC PRIMARY KEY (MA_NCC, MA_HANG, MA_DU_AN)	
)

	--Them ncc--
INSERT INTO NHA_CCAP VALUES('s1', 'tan phu', 20, 'tp ho chi minh')
INSERT INTO NHA_CCAP VALUES('s2', 'tan an', 10, 'can tho')

INSERT INTO NHA_CCAP VALUES('s3', 'tan thanh', 30, 'can tho')
INSERT INTO NHA_CCAP VALUES('s4', 'tan long', 20, 'tp ho chi minh')
INSERT INTO NHA_CCAP VALUES('s5', 'tan my', 30, 'ha noi')

	--Them hh--
INSERT INTO HANG_HOA VALUES('p1', 'son bach tuyet', 'trang', 5)
INSERT INTO HANG_HOA VALUES('p2', 'son bach tuyet', 'do', 5)
INSERT INTO HANG_HOA VALUES('p3', 'xi mang hoang t', 'trang', 50)
INSERT INTO HANG_HOA VALUES('p4', 'xi mang ha tien', 'xam', 50)

INSERT INTO HANG_HOA VALUES('p5', 'gach men', 'trang', 10)
INSERT INTO HANG_HOA VALUES('p6', 'gach men', 'xanh', 10)
INSERT INTO HANG_HOA VALUES('p7', 'chao ga', 'trang', 200)

	
	--Them da--
INSERT INTO DU_AN VALUES('j1', 'tan phu', 'can tho')
INSERT INTO DU_AN VALUES('j2', 'tan an', 'da nang')
INSERT INTO DU_AN VALUES('j3', 'tan thanh', 'ha noi')
INSERT INTO DU_AN VALUES('j4', 'tan longn l', 'ha noi')

INSERT INTO DU_AN VALUES('j5', 'tan long', 'tp ho chi minh')
INSERT INTO DU_AN VALUES('j6', 'tan my', 'bien hoa')
INSERT INTO DU_AN VALUES('j7', 'tan my', 'tp ho chi minh')

	--Them cc--
INSERT INTO CUNG_UNG VALUES('s1', 'p1', 'j1', 200)
INSERT INTO CUNG_UNG VALUES('s1', 'p1', 'j4', 700)
INSERT INTO CUNG_UNG VALUES('s2', 'p3', 'j1', 400)
INSERT INTO CUNG_UNG VALUES('s2', 'p3', 'j2', 200)
INSERT INTO CUNG_UNG VALUES('s2', 'p3', 'j3', 200)

INSERT INTO CUNG_UNG VALUES('s2', 'p3', 'j4', 500)
INSERT INTO CUNG_UNG VALUES('s2', 'p3', 'j5', 600)
INSERT INTO CUNG_UNG VALUES('s2', 'p3', 'j6', 400)
INSERT INTO CUNG_UNG VALUES('s2', 'p3', 'j7', 800)
INSERT INTO CUNG_UNG VALUES('s2', 'p5', 'j2', 100)

INSERT INTO CUNG_UNG VALUES('s3', 'p3', 'j1', 200)
INSERT INTO CUNG_UNG VALUES('s3', 'p4', 'j2', 500)
INSERT INTO CUNG_UNG VALUES('s4', 'p6', 'j3', 300)
INSERT INTO CUNG_UNG VALUES('s4', 'p6', 'j7', 300)
INSERT INTO CUNG_UNG VALUES('s5', 'p2', 'j2', 200)

INSERT INTO CUNG_UNG VALUES('s5', 'p2', 'j4', 100)
INSERT INTO CUNG_UNG VALUES('s5', 'p5', 'j5', 500)
INSERT INTO CUNG_UNG VALUES('s5', 'p5', 'j7', 100)
INSERT INTO CUNG_UNG VALUES('s5', 'p6', 'j2', 200)
INSERT INTO CUNG_UNG VALUES('s5', 'p1', 'j4', 1000)

INSERT INTO CUNG_UNG VALUES('s5', 'p3', 'j4', 1200)
INSERT INTO CUNG_UNG VALUES('s5', 'p4', 'j4', 800)
INSERT INTO CUNG_UNG VALUES('s5', 'p5', 'j4', 400)
INSERT INTO CUNG_UNG VALUES('s5', 'p6', 'j4', 500)
INSERT INTO CUNG_UNG VALUES('s4', 'p2', 'j5', 1200)